Model,Train_R2,Test_R2,Train_RMSE,Test_RMSE,Train_MAE,Test_MAE
Random Forest,0.9845935263046868,0.8999436028721935,0.3264148930488251,0.8601957173101822,0.2134163270126399,0.5324479082557357
XGBoost,0.9974712721472999,0.9024122771581699,0.1322419937872907,0.8495177112742258,0.09272543850004215,0.535409656027109
Linear Regression,0.9384678252707628,0.9177256658972023,0.6523331886758201,0.7800223265820934,0.4063517259316767,0.44632460396068485
